dataset_dog_id,blr_id
0,BLR-6001
1,BLR-6002
2,BLR-6003
3,BLR-6004
4,BLR-6005
5,BLR-6006
6,BLR-6007
7,BLR-6008
8,BLR-6009
9,BLR-6010
10,BLR-6011
11,BLR-6012
12,BLR-6013
13,BLR-6014
14,BLR-6015
15,BLR-6016
16,BLR-6017
17,BLR-6018
18,BLR-6019
19,BLR-6020
20,BLR-6021
21,BLR-6022
22,BLR-6023
23,BLR-6024
24,BLR-6025
25,BLR-6026
26,BLR-6027
27,BLR-6028
28,BLR-6029
29,BLR-6030
30,BLR-6031
31,BLR-6032
32,BLR-6033
33,BLR-6034
34,BLR-6035
35,BLR-6036
36,BLR-6037
37,BLR-6038
38,BLR-6039
39,BLR-6040
40,BLR-6041
41,BLR-6042
42,BLR-6043
43,BLR-6044
44,BLR-6045
45,BLR-6046
46,BLR-6047
47,BLR-6048
48,BLR-6049
49,BLR-6050
50,BLR-6051
51,BLR-6052
52,BLR-6053
53,BLR-6054
54,BLR-6055
55,BLR-6056
56,BLR-6057
57,BLR-6058
58,BLR-6059
59,BLR-6060
60,BLR-6061
61,BLR-6062
62,BLR-6063
63,BLR-6064
64,BLR-6065
65,BLR-6066
66,BLR-6067
67,BLR-6068
68,BLR-6069
69,BLR-6070
70,BLR-6071
71,BLR-6072
72,BLR-6073
73,BLR-6074
74,BLR-6075
75,BLR-6076
76,BLR-6077
77,BLR-6078
78,BLR-6079
79,BLR-6080
80,BLR-6081
81,BLR-6082
82,BLR-6083
83,BLR-6084
84,BLR-6085
85,BLR-6086
86,BLR-6087
87,BLR-6088
88,BLR-6089
89,BLR-6090
90,BLR-6091
91,BLR-6092
92,BLR-6093
93,BLR-6094
94,BLR-6095
95,BLR-6096
96,BLR-6097
97,BLR-6098
98,BLR-6099
99,BLR-6100
100,BLR-6101
101,BLR-6102
102,BLR-6103
103,BLR-6104
104,BLR-6105
105,BLR-6106
106,BLR-6107
107,BLR-6108
108,BLR-6109
109,BLR-6110
110,BLR-6111
111,BLR-6112
112,BLR-6113
113,BLR-6114
114,BLR-6115
115,BLR-6116
116,BLR-6117
117,BLR-6118
118,BLR-6119
119,BLR-6120
120,BLR-6121
121,BLR-6122
122,BLR-6123
123,BLR-6124
124,BLR-6125
125,BLR-6126
126,BLR-6127
127,BLR-6128
128,BLR-6129
129,BLR-6130
130,BLR-6131
131,BLR-6132
132,BLR-6133
133,BLR-6134
134,BLR-6135
135,BLR-6136
136,BLR-6137
137,BLR-6138
138,BLR-6139
139,BLR-6140
140,BLR-6141
141,BLR-6142
142,BLR-6143
203,BLR-6144
268,BLR-6145
281,BLR-6146
297,BLR-6147
378,BLR-6148
387,BLR-6149
448,BLR-6150
452,BLR-6151
493,BLR-6152
517,BLR-6153
519,BLR-6154
566,BLR-6155
577,BLR-6156
765,BLR-6157
814,BLR-6158
916,BLR-6159
997,BLR-6160
1008,BLR-6161
1017,BLR-6162
1039,BLR-6163
1076,BLR-6164
1098,BLR-6165
1225,BLR-6166
1241,BLR-6167
1313,BLR-6168
1379,BLR-6169
1385,BLR-6170
1396,BLR-6171
1440,BLR-6172
1445,BLR-6173
1455,BLR-6174
1456,BLR-6175
1457,BLR-6176
1458,BLR-6177
1459,BLR-6178
1460,BLR-6179
1461,BLR-6180
1462,BLR-6181
1463,BLR-6182
1464,BLR-6183
1465,BLR-6184
1466,BLR-6185
1467,BLR-6186
1468,BLR-6187
1469,BLR-6188
1470,BLR-6189
1471,BLR-6190
1472,BLR-6191
1473,BLR-6192
1474,BLR-6193
1475,BLR-6194
1476,BLR-6195
1477,BLR-6196
1478,BLR-6197
1479,BLR-6198
1480,BLR-6199
1481,BLR-6200
1482,BLR-6201
1483,BLR-6202
1484,BLR-6203
1485,BLR-6204
1486,BLR-6205
1487,BLR-6206
1488,BLR-6207
1489,BLR-6208
1490,BLR-6209
1491,BLR-6210
1492,BLR-6211
1493,BLR-6212
1494,BLR-6213
1495,BLR-6214
1496,BLR-6215
1497,BLR-6216
1498,BLR-6217
1499,BLR-6218
1500,BLR-6219
1501,BLR-6220
1502,BLR-6221
1503,BLR-6222
1504,BLR-6223
1505,BLR-6224
1506,BLR-6225
1507,BLR-6226
1508,BLR-6227
1509,BLR-6228
1510,BLR-6229
1511,BLR-6230
1512,BLR-6231
1513,BLR-6232
1514,BLR-6233
1515,BLR-6234
1516,BLR-6235
1517,BLR-6236
1518,BLR-6237
1519,BLR-6238
1520,BLR-6239
1521,BLR-6240
1522,BLR-6241
1523,BLR-6242
1524,BLR-6243
1525,BLR-6244
1526,BLR-6245
1527,BLR-6246
1528,BLR-6247
1529,BLR-6248
1530,BLR-6249
1531,BLR-6250
1532,BLR-6251
1533,BLR-6252
1534,BLR-6253
1535,BLR-6254
1536,BLR-6255
1537,BLR-6256
1538,BLR-6257
1539,BLR-6258
1540,BLR-6259
1541,BLR-6260
1542,BLR-6261
1543,BLR-6262
1544,BLR-6263
1545,BLR-6264
1546,BLR-6265
1547,BLR-6266
1548,BLR-6267
1549,BLR-6268
1550,BLR-6269
1551,BLR-6270
1552,BLR-6271
1553,BLR-6272
1554,BLR-6273
1555,BLR-6274
1556,BLR-6275
1557,BLR-6276
1558,BLR-6277
1559,BLR-6278
1560,BLR-6279
1561,BLR-6280
1562,BLR-6281
1563,BLR-6282
1564,BLR-6283
1565,BLR-6284
1566,BLR-6285
1567,BLR-6286
1568,BLR-6287
1569,BLR-6288
1570,BLR-6289
1571,BLR-6290
1572,BLR-6291
1573,BLR-6292
1574,BLR-6293
1575,BLR-6294
1576,BLR-6295
1577,BLR-6296
1578,BLR-6297
1579,BLR-6298
1580,BLR-6299
1581,BLR-6300
1582,BLR-6301
1583,BLR-6302
1584,BLR-6303
1585,BLR-6304
1586,BLR-6305
1587,BLR-6306
1588,BLR-6307
1589,BLR-6308
1590,BLR-6309
1591,BLR-6310
1592,BLR-6311
1593,BLR-6312
1594,BLR-6313
1595,BLR-6314
1596,BLR-6315
1597,BLR-6316
1598,BLR-6317
1599,BLR-6318
1600,BLR-6319
1601,BLR-6320
1602,BLR-6321
1603,BLR-6322
1604,BLR-6323
1605,BLR-6324
1606,BLR-6325
1607,BLR-6326
1608,BLR-6327
1609,BLR-6328
1610,BLR-6329
1611,BLR-6330
1612,BLR-6331
1613,BLR-6332
1614,BLR-6333
1615,BLR-6334
1616,BLR-6335
1617,BLR-6336
1618,BLR-6337
1619,BLR-6338
1620,BLR-6339
1621,BLR-6340
1622,BLR-6341
1623,BLR-6342
1624,BLR-6343
1625,BLR-6344
1626,BLR-6345
1627,BLR-6346
1628,BLR-6347
1629,BLR-6348
1630,BLR-6349
1631,BLR-6350
1632,BLR-6351
1633,BLR-6352
1634,BLR-6353
1635,BLR-6354
1636,BLR-6355
1637,BLR-6356
1638,BLR-6357
1639,BLR-6358
1640,BLR-6359
1641,BLR-6360
1642,BLR-6361
1643,BLR-6362
1644,BLR-6363
1645,BLR-6364
1646,BLR-6365
1647,BLR-6366
1648,BLR-6367
1649,BLR-6368
1650,BLR-6369
1651,BLR-6370
1652,BLR-6371
1653,BLR-6372
1654,BLR-6373
1655,BLR-6374
1656,BLR-6375
1657,BLR-6376
1658,BLR-6377
1659,BLR-6378
1660,BLR-6379
1661,BLR-6380
1662,BLR-6381
1663,BLR-6382
1664,BLR-6383
1665,BLR-6384
1666,BLR-6385
1667,BLR-6386
1668,BLR-6387
1669,BLR-6388
1670,BLR-6389
1671,BLR-6390
1672,BLR-6391
1673,BLR-6392
1674,BLR-6393
1675,BLR-6394
1676,BLR-6395
1677,BLR-6396
1678,BLR-6397
1679,BLR-6398
1680,BLR-6399
1681,BLR-6400
1682,BLR-6401
1683,BLR-6402
1684,BLR-6403
1685,BLR-6404
1686,BLR-6405
1687,BLR-6406
1688,BLR-6407
1689,BLR-6408
1690,BLR-6409
1691,BLR-6410
1692,BLR-6411
1693,BLR-6412
1694,BLR-6413
1695,BLR-6414
1696,BLR-6415
1697,BLR-6416
1698,BLR-6417
1699,BLR-6418
1700,BLR-6419
1701,BLR-6420
1702,BLR-6421
1703,BLR-6422
1704,BLR-6423
1705,BLR-6424
1706,BLR-6425
1707,BLR-6426
1708,BLR-6427
1709,BLR-6428
1710,BLR-6429
1711,BLR-6430
1712,BLR-6431
1713,BLR-6432
1714,BLR-6433
1715,BLR-6434
1716,BLR-6435
1717,BLR-6436
1718,BLR-6437
1719,BLR-6438
1720,BLR-6439
1721,BLR-6440
1722,BLR-6441
1723,BLR-6442
1724,BLR-6443
1725,BLR-6444
1726,BLR-6445
1727,BLR-6446
1728,BLR-6447
1729,BLR-6448
1730,BLR-6449
1731,BLR-6450
1732,BLR-6451
1733,BLR-6452
1734,BLR-6453
1735,BLR-6454
1736,BLR-6455
1737,BLR-6456
1738,BLR-6457
1739,BLR-6458
1740,BLR-6459
1741,BLR-6460
1742,BLR-6461
1743,BLR-6462
1744,BLR-6463
1745,BLR-6464
1746,BLR-6465
1747,BLR-6466
1748,BLR-6467
1749,BLR-6468
1750,BLR-6469
1751,BLR-6470
1752,BLR-6471
1753,BLR-6472
1754,BLR-6473
1755,BLR-6474
1756,BLR-6475
1757,BLR-6476
1758,BLR-6477
1759,BLR-6478
1760,BLR-6479
1761,BLR-6480
1762,BLR-6481
1763,BLR-6482
1764,BLR-6483
1765,BLR-6484
1766,BLR-6485
1767,BLR-6486
1768,BLR-6487
1769,BLR-6488
1770,BLR-6489
1781,BLR-6490
1785,BLR-6491
1792,BLR-6492
1798,BLR-6493
1806,BLR-6494
1821,BLR-6495
1834,BLR-6496
1845,BLR-6497
1855,BLR-6498
1856,BLR-6499
1857,BLR-6500
1864,BLR-6501
1866,BLR-6502
1869,BLR-6503
1874,BLR-6504
1884,BLR-6505
1885,BLR-6506
1895,BLR-6507
1909,BLR-6508
1910,BLR-6509
1912,BLR-6510
1920,BLR-6511
1924,BLR-6512
1933,BLR-6513
1934,BLR-6514
1935,BLR-6515
1936,BLR-6516
1939,BLR-6517
1950,BLR-6518
1952,BLR-6519
1956,BLR-6520
1967,BLR-6521
1978,BLR-6522
1993,BLR-6523
1995,BLR-6524
1996,BLR-6525
2008,BLR-6526
2011,BLR-6527
2018,BLR-6528
2030,BLR-6529
2031,BLR-6530
2033,BLR-6531
2040,BLR-6532
2043,BLR-6533
2048,BLR-6534
2051,BLR-6535
2067,BLR-6536
2072,BLR-6537
2076,BLR-6538
2081,BLR-6539
2086,BLR-6540
2087,BLR-6541
2102,BLR-6542
2121,BLR-6543
2129,BLR-6544
2142,BLR-6545
2147,BLR-6546
2150,BLR-6547
2158,BLR-6548
2162,BLR-6549
2167,BLR-6550
2207,BLR-6551
2212,BLR-6552
2213,BLR-6553
2220,BLR-6554
2225,BLR-6555
2227,BLR-6556
2232,BLR-6557
2237,BLR-6558
2253,BLR-6559
2262,BLR-6560
2263,BLR-6561
2274,BLR-6562
2276,BLR-6563
2278,BLR-6564
2280,BLR-6565
2285,BLR-6566
2309,BLR-6567
2318,BLR-6568
2319,BLR-6569
2326,BLR-6570
2337,BLR-6571
2345,BLR-6572
2347,BLR-6573
2349,BLR-6574
2374,BLR-6575
2379,BLR-6576
2381,BLR-6577
2382,BLR-6578
2390,BLR-6579
2396,BLR-6580
2398,BLR-6581
2400,BLR-6582
2408,BLR-6583
2413,BLR-6584
2428,BLR-6585
2437,BLR-6586
2448,BLR-6587
2454,BLR-6588
2458,BLR-6589
2472,BLR-6590
2485,BLR-6591
2486,BLR-6592
2502,BLR-6593
2514,BLR-6594
2517,BLR-6595
2518,BLR-6596
2521,BLR-6597
2523,BLR-6598
2535,BLR-6599
2536,BLR-6600
2547,BLR-6601
2559,BLR-6602
2582,BLR-6603
2616,BLR-6604
2633,BLR-6605
2641,BLR-6606
2650,BLR-6607
2653,BLR-6608
2654,BLR-6609
2658,BLR-6610
2671,BLR-6611
2676,BLR-6612
2685,BLR-6613
2695,BLR-6614
2702,BLR-6615
2710,BLR-6616
2713,BLR-6617
2716,BLR-6618
2718,BLR-6619
2727,BLR-6620
2733,BLR-6621
2738,BLR-6622
2757,BLR-6623
2772,BLR-6624
2773,BLR-6625
2782,BLR-6626
2794,BLR-6627
2801,BLR-6628
2816,BLR-6629
2817,BLR-6630
2831,BLR-6631
2833,BLR-6632
2855,BLR-6633
2867,BLR-6634
2869,BLR-6635
2874,BLR-6636
2880,BLR-6637
2881,BLR-6638
2882,BLR-6639
2895,BLR-6640
2903,BLR-6641
2910,BLR-6642
2923,BLR-6643
2929,BLR-6644
2934,BLR-6645
2944,BLR-6646
2945,BLR-6647
2955,BLR-6648
2957,BLR-6649
2969,BLR-6650
2973,BLR-6651
2978,BLR-6652
2979,BLR-6653
2980,BLR-6654
2983,BLR-6655
2984,BLR-6656
2993,BLR-6657
2994,BLR-6658
2996,BLR-6659
3003,BLR-6660
3014,BLR-6661
3019,BLR-6662
3022,BLR-6663
3026,BLR-6664
3046,BLR-6665
3053,BLR-6666
3067,BLR-6667
3094,BLR-6668
3100,BLR-6669
3103,BLR-6670
3140,BLR-6671
3145,BLR-6672
3156,BLR-6673
3158,BLR-6674
3161,BLR-6675
3182,BLR-6676
3186,BLR-6677
3190,BLR-6678
3192,BLR-6679
3195,BLR-6680
3203,BLR-6681
3209,BLR-6682
3219,BLR-6683
3223,BLR-6684
3226,BLR-6685
3249,BLR-6686
3251,BLR-6687
3268,BLR-6688
3269,BLR-6689
3283,BLR-6690
3294,BLR-6691
3309,BLR-6692
3321,BLR-6693
3323,BLR-6694
3326,BLR-6695
3333,BLR-6696
3338,BLR-6697
3341,BLR-6698
3342,BLR-6699
3348,BLR-6700
3355,BLR-6701
3360,BLR-6702
3361,BLR-6703
3362,BLR-6704
3377,BLR-6705
3392,BLR-6706
3400,BLR-6707
3401,BLR-6708
3403,BLR-6709
3405,BLR-6710
3408,BLR-6711
3415,BLR-6712
3422,BLR-6713
3428,BLR-6714
3429,BLR-6715
3442,BLR-6716
3445,BLR-6717
3473,BLR-6718
3498,BLR-6719
3502,BLR-6720
3511,BLR-6721
3513,BLR-6722
3520,BLR-6723
3526,BLR-6724
3528,BLR-6725
3535,BLR-6726
3537,BLR-6727
3543,BLR-6728
3544,BLR-6729
3546,BLR-6730
3548,BLR-6731
3562,BLR-6732
3579,BLR-6733
3584,BLR-6734
3589,BLR-6735
3593,BLR-6736
3599,BLR-6737
3605,BLR-6738
3606,BLR-6739
3616,BLR-6740
3623,BLR-6741
3624,BLR-6742
3631,BLR-6743
3646,BLR-6744
3651,BLR-6745
3660,BLR-6746
3674,BLR-6747
3676,BLR-6748
3697,BLR-6749
3698,BLR-6750
3701,BLR-6751
3707,BLR-6752
3724,BLR-6753
3731,BLR-6754
3734,BLR-6755
3735,BLR-6756
3736,BLR-6757
3744,BLR-6758
3771,BLR-6759
3776,BLR-6760
3779,BLR-6761
3787,BLR-6762
3794,BLR-6763
3796,BLR-6764
3813,BLR-6765
3819,BLR-6766
3823,BLR-6767
3829,BLR-6768
3838,BLR-6769
3848,BLR-6770
3851,BLR-6771
3854,BLR-6772
3863,BLR-6773
3865,BLR-6774
3877,BLR-6775
3880,BLR-6776
3888,BLR-6777
3893,BLR-6778
3897,BLR-6779
3913,BLR-6780
3934,BLR-6781
3940,BLR-6782
3953,BLR-6783
3961,BLR-6784
3965,BLR-6785
3967,BLR-6786
3978,BLR-6787
3979,BLR-6788
3981,BLR-6789
3989,BLR-6790
3991,BLR-6791
3995,BLR-6792
3997,BLR-6793
4004,BLR-6794
4017,BLR-6795
4018,BLR-6796
4020,BLR-6797
4026,BLR-6798
4040,BLR-6799
4044,BLR-6800
4046,BLR-6801
4050,BLR-6802
4073,BLR-6803
4089,BLR-6804
4095,BLR-6805
4097,BLR-6806
4107,BLR-6807
4115,BLR-6808
4117,BLR-6809
4120,BLR-6810
4134,BLR-6811
4139,BLR-6812
4141,BLR-6813
4148,BLR-6814
4150,BLR-6815
4154,BLR-6816
4155,BLR-6817
4161,BLR-6818
4164,BLR-6819
4170,BLR-6820
4175,BLR-6821
4198,BLR-6822
4200,BLR-6823
4204,BLR-6824
4216,BLR-6825
4217,BLR-6826
4220,BLR-6827
4234,BLR-6828
4240,BLR-6829
4246,BLR-6830
4247,BLR-6831
4252,BLR-6832
4273,BLR-6833
4280,BLR-6834
4287,BLR-6835
4288,BLR-6836
4295,BLR-6837
4298,BLR-6838
4301,BLR-6839
4306,BLR-6840
4312,BLR-6841
4320,BLR-6842
4324,BLR-6843
4335,BLR-6844
4338,BLR-6845
4341,BLR-6846
4347,BLR-6847
4354,BLR-6848
4357,BLR-6849
4383,BLR-6850
4393,BLR-6851
4401,BLR-6852
4402,BLR-6853
4403,BLR-6854
4423,BLR-6855
4424,BLR-6856
4429,BLR-6857
4445,BLR-6858
4448,BLR-6859
4452,BLR-6860
4454,BLR-6861
4463,BLR-6862
4465,BLR-6863
4474,BLR-6864
4476,BLR-6865
4483,BLR-6866
4484,BLR-6867
4498,BLR-6868
4502,BLR-6869
4535,BLR-6870
4549,BLR-6871
4559,BLR-6872
4577,BLR-6873
4592,BLR-6874
4599,BLR-6875
4605,BLR-6876
4614,BLR-6877
4620,BLR-6878
4622,BLR-6879
4641,BLR-6880
4647,BLR-6881
4654,BLR-6882
4656,BLR-6883
4663,BLR-6884
4664,BLR-6885
4669,BLR-6886
4677,BLR-6887
4679,BLR-6888
4680,BLR-6889
4686,BLR-6890
4688,BLR-6891
4689,BLR-6892
4702,BLR-6893
4710,BLR-6894
4713,BLR-6895
4716,BLR-6896
4729,BLR-6897
4731,BLR-6898
4734,BLR-6899
4760,BLR-6900
4762,BLR-6901
4772,BLR-6902
4785,BLR-6903
4806,BLR-6904
4809,BLR-6905
4816,BLR-6906
4819,BLR-6907
4822,BLR-6908
4824,BLR-6909
4828,BLR-6910
4831,BLR-6911
4844,BLR-6912
4853,BLR-6913
4865,BLR-6914
4866,BLR-6915
4869,BLR-6916
4883,BLR-6917
4900,BLR-6918
4905,BLR-6919
4911,BLR-6920
4912,BLR-6921
4913,BLR-6922
4921,BLR-6923
4938,BLR-6924
4955,BLR-6925
4973,BLR-6926
4975,BLR-6927
4980,BLR-6928
4987,BLR-6929
4993,BLR-6930
5003,BLR-6931
5010,BLR-6932
5012,BLR-6933
5013,BLR-6934
5018,BLR-6935
5020,BLR-6936
5041,BLR-6937
5043,BLR-6938
5060,BLR-6939
5070,BLR-6940
5071,BLR-6941
5083,BLR-6942
5086,BLR-6943
5092,BLR-6944
5110,BLR-6945
5111,BLR-6946
5124,BLR-6947
5129,BLR-6948
5130,BLR-6949
5139,BLR-6950
5145,BLR-6951
5146,BLR-6952
5180,BLR-6953
5193,BLR-6954
5195,BLR-6955
5196,BLR-6956
5202,BLR-6957
5218,BLR-6958
5222,BLR-6959
5263,BLR-6960
5284,BLR-6961
5285,BLR-6962
5286,BLR-6963
5288,BLR-6964
5295,BLR-6965
5297,BLR-6966
5302,BLR-6967
5319,BLR-6968
5322,BLR-6969
5335,BLR-6970
5342,BLR-6971
5346,BLR-6972
5352,BLR-6973
5359,BLR-6974
5364,BLR-6975
5366,BLR-6976
5375,BLR-6977
5376,BLR-6978
5380,BLR-6979
5381,BLR-6980
5386,BLR-6981
5390,BLR-6982
5408,BLR-6983
5411,BLR-6984
5419,BLR-6985
5427,BLR-6986
5436,BLR-6987
5440,BLR-6988
5442,BLR-6989
5452,BLR-6990
5460,BLR-6991
5480,BLR-6992
5487,BLR-6993
5499,BLR-6994
5501,BLR-6995
5503,BLR-6996
5508,BLR-6997
5521,BLR-6998
5523,BLR-6999
5534,BLR-7000
5538,BLR-7001
5569,BLR-7002
5571,BLR-7003
5582,BLR-7004
5584,BLR-7005
5588,BLR-7006
5591,BLR-7007
5594,BLR-7008
5610,BLR-7009
5622,BLR-7010
5625,BLR-7011
5628,BLR-7012
5631,BLR-7013
5636,BLR-7014
5649,BLR-7015
5654,BLR-7016
5656,BLR-7017
5670,BLR-7018
5672,BLR-7019
5677,BLR-7020
5702,BLR-7021
5704,BLR-7022
5706,BLR-7023
5718,BLR-7024
5720,BLR-7025
5721,BLR-7026
5722,BLR-7027
5749,BLR-7028
5757,BLR-7029
5759,BLR-7030
5770,BLR-7031
5778,BLR-7032
5779,BLR-7033
5782,BLR-7034
5784,BLR-7035
5800,BLR-7036
5805,BLR-7037
5814,BLR-7038
5816,BLR-7039
5824,BLR-7040
5827,BLR-7041
5836,BLR-7042
5838,BLR-7043
5840,BLR-7044
5842,BLR-7045
5857,BLR-7046
5858,BLR-7047
5859,BLR-7048
5861,BLR-7049
5869,BLR-7050
5876,BLR-7051
5888,BLR-7052
5932,BLR-7053
5941,BLR-7054
5956,BLR-7055
5957,BLR-7056
5960,BLR-7057
5965,BLR-7058
5966,BLR-7059
5971,BLR-7060
5973,BLR-7061
5977,BLR-7062
5998,BLR-7063
5999,BLR-7064
